-- メーカーマスタ
INSERT INTO manufacturers (id, name, slug, website_url) VALUES
  ('a1000000-0000-0000-0000-000000000001', 'Panasonic', 'panasonic', 'https://sumai.panasonic.jp/air/kanki/'),
  ('a1000000-0000-0000-0000-000000000002', '三菱電機', 'mitsubishi', 'https://www.mitsubishielectric.co.jp/ldg/wink/'),
  ('a1000000-0000-0000-0000-000000000003', '東芝キャリア', 'toshiba', 'https://www.toshiba-carrier.co.jp/'),
  ('a1000000-0000-0000-0000-000000000004', 'taroto', 'taroto', 'https://www.taroto.jp/');

-- カテゴリマスタ
INSERT INTO categories (id, name, slug, sort_order) VALUES
  ('b1000000-0000-0000-0000-000000000001', '換気扇', 'ventilation-fan', 1),
  ('b1000000-0000-0000-0000-000000000002', 'レンジフード', 'range-hood', 2),
  ('b1000000-0000-0000-0000-000000000003', 'ダクト用換気扇', 'duct-fan', 3),
  ('b1000000-0000-0000-0000-000000000004', '浴室換気乾燥機', 'bathroom-dryer', 4),
  ('b1000000-0000-0000-0000-000000000005', '空調機器', 'air-conditioner', 5);

-- テストデータ: Panasonic 換気扇
INSERT INTO products (model_number, name, manufacturer_id, category_id, width_mm, height_mm, depth_mm, pipe_diameter, voltage, airflow, noise_level, power_consumption, list_price, source, product_url) VALUES
  ('FY-17C8', 'パイプファン 排気', 'a1000000-0000-0000-0000-000000000001', 'b1000000-0000-0000-0000-000000000001', 199, 199, 89, 100, 100, 55, 26, 3.7, 5500, 'panasonic_biz', 'https://sumai.panasonic.jp/air/kanki/pipe/'),
  ('FY-24BM6', 'ルーバー付天埋換気扇', 'a1000000-0000-0000-0000-000000000001', 'b1000000-0000-0000-0000-000000000003', 315, 315, 180, 150, 100, 190, 28, 15, 15800, 'panasonic_biz', NULL),
  ('FY-32BS7', 'ルーバー付天埋換気扇', 'a1000000-0000-0000-0000-000000000001', 'b1000000-0000-0000-0000-000000000003', 385, 385, 200, 150, 100, 320, 32, 27, 22000, 'panasonic_biz', NULL),
  ('FY-6A111', 'レンジフード BL認定品', 'a1000000-0000-0000-0000-000000000001', 'b1000000-0000-0000-0000-000000000002', 600, 600, 500, 150, 100, 420, 38, 40, 45000, 'panasonic_biz', NULL),
  ('FY-13UG7E', '浴室換気乾燥機', 'a1000000-0000-0000-0000-000000000001', 'b1000000-0000-0000-0000-000000000004', 330, 330, 215, 100, 100, 105, 30, 1250, 63000, 'panasonic_biz', NULL);

-- テストデータ: 三菱電機 換気扇
INSERT INTO products (model_number, name, manufacturer_id, category_id, width_mm, height_mm, depth_mm, pipe_diameter, voltage, airflow, noise_level, power_consumption, list_price, source, product_url) VALUES
  ('VD-15ZC14', 'ダクト用換気扇 天井埋込形', 'a1000000-0000-0000-0000-000000000002', 'b1000000-0000-0000-0000-000000000003', 285, 285, 163, 100, 100, 135, 23, 13, 12800, 'mitsubishi_wink', NULL),
  ('VD-20ZX14-FP', 'ダクト用換気扇 24時間換気', 'a1000000-0000-0000-0000-000000000002', 'b1000000-0000-0000-0000-000000000003', 285, 285, 175, 150, 100, 210, 27, 18, 18500, 'mitsubishi_wink', NULL),
  ('V-08PXRD3', 'パイプ用ファン 排気用', 'a1000000-0000-0000-0000-000000000002', 'b1000000-0000-0000-0000-000000000001', 186, 186, 109, 100, 100, 50, 21, 3.2, 7800, 'mitsubishi_wink', NULL),
  ('VL-12ZS3', 'ロスナイ 住宅用', 'a1000000-0000-0000-0000-000000000002', 'b1000000-0000-0000-0000-000000000001', 490, 255, 220, 100, 100, 125, 22, 16, 52000, 'mitsubishi_wink', NULL),
  ('V-602K8', 'レンジフード 浅形', 'a1000000-0000-0000-0000-000000000002', 'b1000000-0000-0000-0000-000000000002', 600, 500, 480, 150, 100, 490, 42, 60, 39000, 'mitsubishi_wink', NULL);

-- テストデータ: 東芝キャリア
INSERT INTO products (model_number, name, manufacturer_id, category_id, width_mm, height_mm, depth_mm, pipe_diameter, voltage, airflow, noise_level, power_consumption, list_price, source) VALUES
  ('DVF-14MRKQ8', 'ダクト用換気扇 低騒音形', 'a1000000-0000-0000-0000-000000000003', 'b1000000-0000-0000-0000-000000000003', 285, 285, 163, 100, 100, 130, 21, 12, 14000, 'toshiba'),
  ('DVF-20MRQ8', 'ダクト用換気扇', 'a1000000-0000-0000-0000-000000000003', 'b1000000-0000-0000-0000-000000000003', 285, 285, 170, 150, 100, 200, 25, 16, 16500, 'toshiba'),
  ('VFP-12PXRD', 'パイプ用ファン', 'a1000000-0000-0000-0000-000000000003', 'b1000000-0000-0000-0000-000000000001', 199, 199, 95, 100, 100, 48, 22, 3.5, 6200, 'toshiba'),
  ('DVB-18SS4', '浴室換気乾燥機', 'a1000000-0000-0000-0000-000000000003', 'b1000000-0000-0000-0000-000000000004', 337, 337, 212, 100, 100, 110, 28, 1200, 58000, 'toshiba'),
  ('VRF-63L2', 'レンジフード 深形', 'a1000000-0000-0000-0000-000000000003', 'b1000000-0000-0000-0000-000000000002', 600, 600, 510, 150, 100, 450, 40, 55, 42000, 'toshiba');

-- テストデータ: taroto（実勢価格あり）
INSERT INTO products (model_number, name, manufacturer_id, category_id, width_mm, height_mm, depth_mm, pipe_diameter, voltage, airflow, noise_level, power_consumption, list_price, street_price, source, is_discontinued, predecessor_model) VALUES
  ('FY-17C8', 'パイプファン 排気', 'a1000000-0000-0000-0000-000000000001', 'b1000000-0000-0000-0000-000000000001', 199, 199, 89, 100, 100, 55, 26, 3.7, 5500, 2980, 'taroto', FALSE, NULL),
  ('VD-15ZC14', 'ダクト用換気扇 天井埋込形', 'a1000000-0000-0000-0000-000000000002', 'b1000000-0000-0000-0000-000000000003', 285, 285, 163, 100, 100, 135, 23, 13, 12800, 6480, 'taroto', FALSE, NULL),
  ('VD-15ZC12', 'ダクト用換気扇 天井埋込形（旧型）', 'a1000000-0000-0000-0000-000000000002', 'b1000000-0000-0000-0000-000000000003', 285, 285, 160, 100, 100, 130, 25, 14, 11800, NULL, 'taroto', TRUE, 'VD-15ZC14'),
  ('DVF-14MRKQ8', 'ダクト用換気扇 低騒音形', 'a1000000-0000-0000-0000-000000000003', 'b1000000-0000-0000-0000-000000000003', 285, 285, 163, 100, 100, 130, 21, 12, 14000, 7200, 'taroto', FALSE, NULL),
  ('FY-24BM6', 'ルーバー付天埋換気扇', 'a1000000-0000-0000-0000-000000000001', 'b1000000-0000-0000-0000-000000000003', 315, 315, 180, 150, 100, 190, 28, 15, 15800, 8480, 'taroto', FALSE, NULL);
